0,img/woven/woven_0001.jpg,0,0
0,img/woven/woven_0002.jpg,0,0
0,img/woven/woven_0003.jpg,0,0
0,img/woven/woven_0004.jpg,0,0
0,img/woven/woven_0005.jpg,0,0
0,img/woven/woven_0007.jpg,0,0
0,img/woven/woven_0008.jpg,0,0
0,img/woven/woven_0009.jpg,0,0
0,img/woven/woven_0010.jpg,0,0
0,img/woven/woven_0011.jpg,0,0
0,img/woven/woven_0012.jpg,0,0
0,img/woven/woven_0013.jpg,0,0
0,img/woven/woven_0014.jpg,0,0
0,img/woven/woven_0015.jpg,0,0
0,img/woven/woven_0016.jpg,0,0
0,img/woven/woven_0017.jpg,0,0
0,img/woven/woven_0018.jpg,0,0
0,img/woven/woven_0019.jpg,0,0
0,img/woven/woven_0020.jpg,0,0
0,img/woven/woven_0021.jpg,0,0
0,img/woven/woven_0022.jpg,0,0
0,img/woven/woven_0024.jpg,0,0
0,img/woven/woven_0025.jpg,0,0
0,img/woven/woven_0026.jpg,0,0
0,img/woven/woven_0027.jpg,0,0
0,img/woven/woven_0028.jpg,0,0
0,img/woven/woven_0029.jpg,0,0
0,img/woven/woven_0030.jpg,0,0
0,img/woven/woven_0031.jpg,0,0
0,img/woven/woven_0032.jpg,0,0
0,img/woven/woven_0033.jpg,0,0
0,img/woven/woven_0034.jpg,0,0
0,img/woven/woven_0036.jpg,0,0
0,img/woven/woven_0038.jpg,0,0
0,img/woven/woven_0039.jpg,0,0
0,img/woven/woven_0040.jpg,0,0
0,img/woven/woven_0041.jpg,0,0
0,img/woven/woven_0043.jpg,0,0
0,img/woven/woven_0044.jpg,0,0
0,img/woven/woven_0045.jpg,0,0
0,img/woven/woven_0046.jpg,0,0
0,img/woven/woven_0047.jpg,0,0
0,img/woven/woven_0048.jpg,0,0
0,img/woven/woven_0049.jpg,0,0
0,img/woven/woven_0050.jpg,0,0
0,img/woven/woven_0051.jpg,0,0
0,img/woven/woven_0052.jpg,0,0
0,img/woven/woven_0053.jpg,0,0
0,img/woven/woven_0054.jpg,0,0
0,img/woven/woven_0055.jpg,0,0
0,img/woven/woven_0056.jpg,0,0
0,img/woven/woven_0058.jpg,0,0
0,img/woven/woven_0059.jpg,0,0
0,img/woven/woven_0060.jpg,0,0
0,img/woven/woven_0061.jpg,0,0
0,img/woven/woven_0062.jpg,0,0
0,img/woven/woven_0063.jpg,0,0
0,img/woven/woven_0064.jpg,0,0
0,img/woven/woven_0065.jpg,0,0
0,img/woven/woven_0066.jpg,0,0
0,img/woven/woven_0067.jpg,0,0
0,img/woven/woven_0068.jpg,0,0
0,img/woven/woven_0069.jpg,0,0
0,img/woven/woven_0070.jpg,0,0
0,img/woven/woven_0071.jpg,0,0
0,img/woven/woven_0072.jpg,0,0
0,img/woven/woven_0073.jpg,0,0
0,img/woven/woven_0075.jpg,0,0
0,img/woven/woven_0076.jpg,0,0
0,img/woven/woven_0077.jpg,0,0
0,img/woven/woven_0078.jpg,0,0
0,img/woven/woven_0079.jpg,0,0
0,img/woven/woven_0080.jpg,0,0
0,img/woven/woven_0081.jpg,0,0
0,img/woven/woven_0082.jpg,0,0
0,img/woven/woven_0083.jpg,0,0
0,img/woven/woven_0084.jpg,0,0
0,img/woven/woven_0086.jpg,0,0
0,img/woven/woven_0087.jpg,0,0
0,img/woven/woven_0088.jpg,0,0
0,img/woven/woven_0091.jpg,0,0
0,img/woven/woven_0092.jpg,0,0
0,img/woven/woven_0093.jpg,0,0
0,img/woven/woven_0094.jpg,0,0
0,img/woven/woven_0095.jpg,0,0
0,img/woven/woven_0097.jpg,0,0
0,img/woven/woven_0098.jpg,0,0
0,img/woven/woven_0099.jpg,0,0
0,img/woven/woven_0100.jpg,0,0
0,img/woven/woven_0101.jpg,0,0
0,img/woven/woven_0102.jpg,0,0
0,img/woven/woven_0103.jpg,0,0
0,img/woven/woven_0104.jpg,0,0
0,img/woven/woven_0105.jpg,0,0
0,img/woven/woven_0106.jpg,0,0
0,img/woven/woven_0107.jpg,0,0
0,img/woven/woven_0108.jpg,0,0
0,img/woven/woven_0109.jpg,0,0
0,img/woven/woven_0110.jpg,0,0
0,img/woven/woven_0111.jpg,0,0
0,img/woven/woven_0112.jpg,0,0
0,img/woven/woven_0113.jpg,0,0
0,img/woven/woven_0114.jpg,0,0
0,img/woven/woven_0115.jpg,0,0
0,img/woven/woven_0116.jpg,0,0
0,img/woven/woven_0117.jpg,0,0
0,img/woven/woven_0118.jpg,0,0
0,img/woven/woven_0119.jpg,0,0
0,img/woven/woven_0120.jpg,0,0
0,img/woven/woven_0121.jpg,0,0
0,img/woven/woven_0122.jpg,0,0
0,img/woven/woven_0123.jpg,0,0
0,img/woven/woven_0124.jpg,0,0
0,img/woven/woven_0125.jpg,0,0
0,img/woven/woven_0126.jpg,0,0
0,img/woven/woven_0127.jpg,0,0
0,img/woven/woven_0128.jpg,0,0
0,img/woven/woven_0129.jpg,0,0
0,img/woven/woven_0130.jpg,0,0
0,img/woven/woven_0131.jpg,0,0
